Month,Date,Contribution,Interest,Balance
1,2025-12-08,2500,00,20,83,7520,83
2,2026-01-08,2500,00,31,34,10052,17
3,2026-02-08,2500,00,41,88,12594,05
4,2026-03-08,2500,00,52,48,15146,53
5,2026-04-08,2500,00,63,11,17709,64
6,2026-05-08,2500,00,73,79,20283,43
7,2026-06-08,2500,00,84,51,22867,94
8,2026-07-08,2500,00,95,28,25463,23
9,2026-08-08,2500,00,106,10,28069,32
10,2026-09-08,2500,00,116,96,30686,28
11,2026-10-08,2500,00,127,86,33314,14
12,2026-11-08,2500,00,138,81,35952,95
13,2026-12-08,2500,00,149,80,38602,75
14,2027-01-08,2500,00,160,84,41263,60
15,2027-02-08,2500,00,171,93,43935,53
16,2027-03-08,2500,00,183,06,46618,59
17,2027-04-08,2500,00,194,24,49312,84
18,2027-05-08,2500,00,205,47,52018,31
